Priorität;Firma;Kategorie;Ansprechpartner;Telefon;Email;PLZ;Ort;Gesprächsaufhänger;Notiz;Quelle
A;Fachbereich Bau und Umwelt / Sachgebiet Tiefbau;Kommune;;03447 / 594-0;info@stadt-altenburg.de;04600;Altenburg;Frostschäden auf Gemeindestraßen schnell beheben - Kaltasphalt ARM als Sofortlösung für Ihren Bauhof;Kommunaler Straßenunterhalt, Schlaglochbeseitigung;Tiefbau
A;Bremen;Kommune;-;0421 / 361-2443;office@asv.bremen.de;28195;Amt für Straßen und Verkehr Bremen (ASV);Frostschäden auf Gemeindestraßen schnell beheben - Kaltasphalt ARM als Sofortlösung für Ihren Bauhof;Kommunaler Straßenunterhalt, Schlaglochbeseitigung;Tiefbau
A;Bergisch Gladbach;Kommune;-;02202 / 14-0;info@stadt-gl.de;51429;Amt für Straßenbau und Erschließung Bergisch Gladbach;Frostschäden auf Gemeindestraßen schnell beheben - Kaltasphalt ARM als Sofortlösung für Ihren Bauhof;Kommunaler Straßenunterhalt, Schlaglochbeseitigung;Tiefbau
A;Kleinmachnow;Kommune;-;033203 / 877-100;bauamt@kleinmachnow.de;14532;Bauamt / Tiefbau Kleinmachnow;Frostschäden auf Gemeindestraßen schnell beheben - Kaltasphalt ARM als Sofortlösung für Ihren Bauhof;Kommunaler Straßenunterhalt, Schlaglochbeseitigung;Tiefbau
A;Montabaur;Kommune;-;02602 / 126-0;info@montabaur.de;56410;Bauhof der Stadt Montabaur;Frostschäden auf Gemeindestraßen schnell beheben - Kaltasphalt ARM als Sofortlösung für Ihren Bauhof;Kommunaler Straßenunterhalt, Schlaglochbeseitigung;Tiefbau
A;Straßen- und Grünflächenamt Charlottenburg-Wilmersdorf;Kommune;;030 9029-18000;SGA@charlottenburg-wilmersdorf.de;10589;Berlin-Charlottenburg-Wilmersdorf;Frostschäden an Parkwegen und öffentlichen Flächen schnell beheben — ARM Kaltasphalt als Sofortlösung;Kommunale Grünflächenpflege, Wegebau, Flächeninstandsetzung;GaLaBau
A;Fachbereich Bau / Sachgebiet Tiefbau;Kommune;;03493 / 341-0;info@bitterfeld-wolfen.de;06749;Bitterfeld-Wolfen;Frostschäden auf Gemeindestraßen schnell beheben - Kaltasphalt ARM als Sofortlösung für Ihren Bauhof;Kommunaler Straßenunterhalt, Schlaglochbeseitigung;Tiefbau
A;Fachbereich Tiefbau;Kommune;;02871 / 953-0;info@mail.bocholt.de;46395;Bocholt;Frostschäden auf Gemeindestraßen schnell beheben - Kaltasphalt ARM als Sofortlösung für Ihren Bauhof;Kommunaler Straßenunterhalt, Schlaglochbeseitigung;Tiefbau
A;Fachbereich Stadtgruen (FB 67);Kommune;;0531 / 470-4910;stadtgruen@braunschweig.de;38102;Braunschweig;Frostschäden an Parkwegen und öffentlichen Flächen schnell beheben — ARM Kaltasphalt als Sofortlösung;Kommunale Grünflächenpflege, Wegebau, Flächeninstandsetzung;GaLaBau
A;Tiefbauamt;Kommune;;02541 / 939-0;info@coesfeld.de;48653;Coesfeld;Frostschäden auf Gemeindestraßen schnell beheben - Kaltasphalt ARM als Sofortlösung für Ihren Bauhof;Kommunaler Straßenunterhalt, Schlaglochbeseitigung;Tiefbau
A;Meschede;Kommune;-;0291 / 205-0;info@meschede.de;59872;Eigenbetrieb Straßen Meschede;Frostschäden auf Gemeindestraßen schnell beheben - Kaltasphalt ARM als Sofortlösung für Ihren Bauhof;Kommunaler Straßenunterhalt, Schlaglochbeseitigung;Tiefbau
A;Amt für Straßen und Verkehr;Kommune;;0201 / 88-66000;amt66@essen.de;45127;Essen;Frostschäden auf Gemeindestraßen schnell beheben - Kaltasphalt ARM als Sofortlösung für Ihren Bauhof;Kommunaler Straßenunterhalt, Schlaglochbeseitigung;Tiefbau
A;Gummersbach;Kommune;-;02261 / 87-0;info@gummersbach.de;51643;Fachbereich Straßen und Verkehr Gummersbach;Frostschäden auf Gemeindestraßen schnell beheben - Kaltasphalt ARM als Sofortlösung für Ihren Bauhof;Kommunaler Straßenunterhalt, Schlaglochbeseitigung;Tiefbau
A;Arnsberg;Kommune;-;02932 / 201-0;info@arnsberg.de;59821;Fachbereich Tiefbau Arnsberg;Frostschäden auf Gemeindestraßen schnell beheben - Kaltasphalt ARM als Sofortlösung für Ihren Bauhof;Kommunaler Straßenunterhalt, Schlaglochbeseitigung;Tiefbau
A;Attendorn;Kommune;-;02722 / 64-0;info@attendorn.de;57439;Fachbereich Tiefbau Attendorn;Frostschäden auf Gemeindestraßen schnell beheben - Kaltasphalt ARM als Sofortlösung für Ihren Bauhof;Kommunaler Straßenunterhalt, Schlaglochbeseitigung;Tiefbau
A;Bad Neuenahr-Ahrweiler;Kommune;-;02641 / 87-0;info@bad-neuenahr-ahrweiler.de;53474;Fachbereich Tiefbau Bad Neuenahr-Ahrweiler;Frostschäden auf Gemeindestraßen schnell beheben - Kaltasphalt ARM als Sofortlösung für Ihren Bauhof;Kommunaler Straßenunterhalt, Schlaglochbeseitigung;Tiefbau
A;Bitburg;Kommune;-;06561 / 6003-0;info@bitburg.de;54634;Fachbereich Tiefbau Bitburg;Frostschäden auf Gemeindestraßen schnell beheben - Kaltasphalt ARM als Sofortlösung für Ihren Bauhof;Kommunaler Straßenunterhalt, Schlaglochbeseitigung;Tiefbau
A;Brandenburg a.d.H.;Kommune;-;03381 / 58-6300;tiefbau@stadt-brandenburg.de;14770;Fachbereich Tiefbau Brandenburg an der Havel;Frostschäden auf Gemeindestraßen schnell beheben - Kaltasphalt ARM als Sofortlösung für Ihren Bauhof;Kommunaler Straßenunterhalt, Schlaglochbeseitigung;Tiefbau
A;Buchholz i.d.N.;Kommune;-;04181 / 214-0;info@buchholz.de;21244;Fachbereich Tiefbau Buchholz in der Nordheide;Frostschäden auf Gemeindestraßen schnell beheben - Kaltasphalt ARM als Sofortlösung für Ihren Bauhof;Kommunaler Straßenunterhalt, Schlaglochbeseitigung;Tiefbau
A;Eberswalde;Kommune;-;03334 / 64-600;tiefbau@eberswalde.de;16225;Fachbereich Tiefbau Eberswalde;Frostschäden auf Gemeindestraßen schnell beheben - Kaltasphalt ARM als Sofortlösung für Ihren Bauhof;Kommunaler Straßenunterhalt, Schlaglochbeseitigung;Tiefbau
A;Falkensee;Kommune;-;03322 / 281-200;tiefbau@falkensee.de;14612;Fachbereich Tiefbau Falkensee;Frostschäden auf Gemeindestraßen schnell beheben - Kaltasphalt ARM als Sofortlösung für Ihren Bauhof;Kommunaler Straßenunterhalt, Schlaglochbeseitigung;Tiefbau
A;Frankfurt (Oder);Kommune;-;0335 / 552-6100;tiefbau@frankfurt-oder.de;15230;Fachbereich Tiefbau Frankfurt (Oder);Frostschäden auf Gemeindestraßen schnell beheben - Kaltasphalt ARM als Sofortlösung für Ihren Bauhof;Kommunaler Straßenunterhalt, Schlaglochbeseitigung;Tiefbau
A;Greifswald;Kommune;-;03834 / 8536-4100;tiefbau@greifswald.de;17489;Fachbereich Tiefbau Greifswald;Frostschäden auf Gemeindestraßen schnell beheben - Kaltasphalt ARM als Sofortlösung für Ihren Bauhof;Kommunaler Straßenunterhalt, Schlaglochbeseitigung;Tiefbau
A;Güstrow;Kommune;-;03843 / 769-400;tiefbau@guestrow.de;18273;Fachbereich Tiefbau Güstrow;Frostschäden auf Gemeindestraßen schnell beheben - Kaltasphalt ARM als Sofortlösung für Ihren Bauhof;Kommunaler Straßenunterhalt, Schlaglochbeseitigung;Tiefbau
A;Iserlohn;Kommune;-;02371 / 217-0;info@iserlohn.de;58636;Fachbereich Tiefbau Iserlohn;Frostschäden auf Gemeindestraßen schnell beheben - Kaltasphalt ARM als Sofortlösung für Ihren Bauhof;Kommunaler Straßenunterhalt, Schlaglochbeseitigung;Tiefbau
A;Itzehoe;Kommune;-;04821 / 603-0;info@itzehoe.de;25524;Fachbereich Tiefbau Itzehoe;Frostschäden auf Gemeindestraßen schnell beheben - Kaltasphalt ARM als Sofortlösung für Ihren Bauhof;Kommunaler Straßenunterhalt, Schlaglochbeseitigung;Tiefbau
A;Kaltenkirchen;Kommune;-;04191 / 939-0;info@kaltenkirchen.de;24568;Fachbereich Tiefbau Kaltenkirchen;Frostschäden auf Gemeindestraßen schnell beheben - Kaltasphalt ARM als Sofortlösung für Ihren Bauhof;Kommunaler Straßenunterhalt, Schlaglochbeseitigung;Tiefbau
A;Königs Wusterhausen;Kommune;-;03375 / 273-300;tiefbau@koenigs-wusterhausen.de;15711;Fachbereich Tiefbau Königs Wusterhausen;Frostschäden auf Gemeindestraßen schnell beheben - Kaltasphalt ARM als Sofortlösung für Ihren Bauhof;Kommunaler Straßenunterhalt, Schlaglochbeseitigung;Tiefbau
A;Luckenwalde;Kommune;-;03371 / 672-400;tiefbau@luckenwalde.de;14943;Fachbereich Tiefbau Luckenwalde;Frostschäden auf Gemeindestraßen schnell beheben - Kaltasphalt ARM als Sofortlösung für Ihren Bauhof;Kommunaler Straßenunterhalt, Schlaglochbeseitigung;Tiefbau
A;Ludwigslust;Kommune;-;03874 / 526-400;tiefbau@stadtludwigslust.de;19288;Fachbereich Tiefbau Ludwigslust;Frostschäden auf Gemeindestraßen schnell beheben - Kaltasphalt ARM als Sofortlösung für Ihren Bauhof;Kommunaler Straßenunterhalt, Schlaglochbeseitigung;Tiefbau
A;Osterholz-Scharmbeck;Kommune;-;04791 / 17-0;info@osterholz-scharmbeck.de;27711;Fachbereich Tiefbau Osterholz-Scharmbeck;Frostschäden auf Gemeindestraßen schnell beheben - Kaltasphalt ARM als Sofortlösung für Ihren Bauhof;Kommunaler Straßenunterhalt, Schlaglochbeseitigung;Tiefbau
A;Parchim;Kommune;-;03871 / 712-400;tiefbau@parchim.de;19370;Fachbereich Tiefbau Parchim;Frostschäden auf Gemeindestraßen schnell beheben - Kaltasphalt ARM als Sofortlösung für Ihren Bauhof;Kommunaler Straßenunterhalt, Schlaglochbeseitigung;Tiefbau
A;Alfeld (Leine);Kommune;-;05181 / 703-0;info@alfeld.de;31061;Fachbereich Tiefbau Stadt Alfeld (Leine);Frostschäden auf Gemeindestraßen schnell beheben - Kaltasphalt ARM als Sofortlösung für Ihren Bauhof;Kommunaler Straßenunterhalt, Schlaglochbeseitigung;Tiefbau
A;Aschersleben;Kommune;-;03473 / 958-0;info@aschersleben.de;39418;Fachbereich Tiefbau Stadt Aschersleben;Frostschäden auf Gemeindestraßen schnell beheben - Kaltasphalt ARM als Sofortlösung für Ihren Bauhof;Kommunaler Straßenunterhalt, Schlaglochbeseitigung;Tiefbau
A;Bad Hersfeld;Kommune;-;06621 / 201-0;info@bad-hersfeld.de;36251;Fachbereich Tiefbau Stadt Bad Hersfeld;Frostschäden auf Gemeindestraßen schnell beheben - Kaltasphalt ARM als Sofortlösung für Ihren Bauhof;Kommunaler Straßenunterhalt, Schlaglochbeseitigung;Tiefbau
A;Bad Pyrmont;Kommune;-;05281 / 151-0;info@bad-pyrmont.de;31812;Fachbereich Tiefbau Stadt Bad Pyrmont;Frostschäden auf Gemeindestraßen schnell beheben - Kaltasphalt ARM als Sofortlösung für Ihren Bauhof;Kommunaler Straßenunterhalt, Schlaglochbeseitigung;Tiefbau
A;Bad Wildungen;Kommune;-;05621 / 786-0;info@bad-wildungen.de;34537;Fachbereich Tiefbau Stadt Bad Wildungen;Frostschäden auf Gemeindestraßen schnell beheben - Kaltasphalt ARM als Sofortlösung für Ihren Bauhof;Kommunaler Straßenunterhalt, Schlaglochbeseitigung;Tiefbau
A;Barsinghausen;Kommune;-;05105 / 774-0;info@barsinghausen.de;30890;Fachbereich Tiefbau Stadt Barsinghausen;Frostschäden auf Gemeindestraßen schnell beheben - Kaltasphalt ARM als Sofortlösung für Ihren Bauhof;Kommunaler Straßenunterhalt, Schlaglochbeseitigung;Tiefbau
A;Baunatal;Kommune;-;0561 / 4992-0;info@baunatal.de;34225;Fachbereich Tiefbau Stadt Baunatal;Frostschäden auf Gemeindestraßen schnell beheben - Kaltasphalt ARM als Sofortlösung für Ihren Bauhof;Kommunaler Straßenunterhalt, Schlaglochbeseitigung;Tiefbau
A;Blankenburg (Harz);Kommune;-;03944 / 361-0;info@blankenburg.de;38889;Fachbereich Tiefbau Stadt Blankenburg (Harz);Frostschäden auf Gemeindestraßen schnell beheben - Kaltasphalt ARM als Sofortlösung für Ihren Bauhof;Kommunaler Straßenunterhalt, Schlaglochbeseitigung;Tiefbau
A;Burg;Kommune;-;03921 / 921-0;info@stadt-burg.de;39288;Fachbereich Tiefbau Stadt Burg (bei Magdeburg);Frostschäden auf Gemeindestraßen schnell beheben - Kaltasphalt ARM als Sofortlösung für Ihren Bauhof;Kommunaler Straßenunterhalt, Schlaglochbeseitigung;Tiefbau
A;Burgdorf;Kommune;-;05136 / 898-0;info@burgdorf.de;31303;Fachbereich Tiefbau Stadt Burgdorf;Frostschäden auf Gemeindestraßen schnell beheben - Kaltasphalt ARM als Sofortlösung für Ihren Bauhof;Kommunaler Straßenunterhalt, Schlaglochbeseitigung;Tiefbau
A;Bückeburg;Kommune;-;05722 / 206-0;info@bueckeburg.de;31675;Fachbereich Tiefbau Stadt Bückeburg;Frostschäden auf Gemeindestraßen schnell beheben - Kaltasphalt ARM als Sofortlösung für Ihren Bauhof;Kommunaler Straßenunterhalt, Schlaglochbeseitigung;Tiefbau
A;Celle;Kommune;-;05141 / 12-0;info@celle.de;29221;Fachbereich Tiefbau Stadt Celle;Frostschäden auf Gemeindestraßen schnell beheben - Kaltasphalt ARM als Sofortlösung für Ihren Bauhof;Kommunaler Straßenunterhalt, Schlaglochbeseitigung;Tiefbau
A;Clausthal-Zellerfeld;Kommune;-;05323 / 83-0;info@clausthal-zellerfeld.de;38678;Fachbereich Tiefbau Stadt Clausthal-Zellerfeld;Frostschäden auf Gemeindestraßen schnell beheben - Kaltasphalt ARM als Sofortlösung für Ihren Bauhof;Kommunaler Straßenunterhalt, Schlaglochbeseitigung;Tiefbau
A;Duderstadt;Kommune;-;05527 / 849-0;info@duderstadt.de;37115;Fachbereich Tiefbau Stadt Duderstadt;Frostschäden auf Gemeindestraßen schnell beheben - Kaltasphalt ARM als Sofortlösung für Ihren Bauhof;Kommunaler Straßenunterhalt, Schlaglochbeseitigung;Tiefbau
A;Einbeck;Kommune;-;05561 / 916-0;info@einbeck.de;37574;Fachbereich Tiefbau Stadt Einbeck;Frostschäden auf Gemeindestraßen schnell beheben - Kaltasphalt ARM als Sofortlösung für Ihren Bauhof;Kommunaler Straßenunterhalt, Schlaglochbeseitigung;Tiefbau
A;Eschwege;Kommune;-;05651 / 304-0;info@eschwege.de;37269;Fachbereich Tiefbau Stadt Eschwege;Frostschäden auf Gemeindestraßen schnell beheben - Kaltasphalt ARM als Sofortlösung für Ihren Bauhof;Kommunaler Straßenunterhalt, Schlaglochbeseitigung;Tiefbau
A;Frankenberg (Eder);Kommune;-;06451 / 505-0;info@frankenberg.de;35066;Fachbereich Tiefbau Stadt Frankenberg (Eder);Frostschäden auf Gemeindestraßen schnell beheben - Kaltasphalt ARM als Sofortlösung für Ihren Bauhof;Kommunaler Straßenunterhalt, Schlaglochbeseitigung;Tiefbau
A;Fritzlar;Kommune;-;05622 / 988-0;info@fritzlar.de;34560;Fachbereich Tiefbau Stadt Fritzlar;Frostschäden auf Gemeindestraßen schnell beheben - Kaltasphalt ARM als Sofortlösung für Ihren Bauhof;Kommunaler Straßenunterhalt, Schlaglochbeseitigung;Tiefbau
A;Garbsen;Kommune;-;05131 / 707-0;info@garbsen.de;30823;Fachbereich Tiefbau Stadt Garbsen;Frostschäden auf Gemeindestraßen schnell beheben - Kaltasphalt ARM als Sofortlösung für Ihren Bauhof;Kommunaler Straßenunterhalt, Schlaglochbeseitigung;Tiefbau
A;Gifhorn;Kommune;-;05371 / 88-0;info@gifhorn.de;38518;Fachbereich Tiefbau Stadt Gifhorn;Frostschäden auf Gemeindestraßen schnell beheben - Kaltasphalt ARM als Sofortlösung für Ihren Bauhof;Kommunaler Straßenunterhalt, Schlaglochbeseitigung;Tiefbau
A;Goslar;Kommune;-;05321 / 704-0;info@goslar.de;38640;Fachbereich Tiefbau Stadt Goslar;Frostschäden auf Gemeindestraßen schnell beheben - Kaltasphalt ARM als Sofortlösung für Ihren Bauhof;Kommunaler Straßenunterhalt, Schlaglochbeseitigung;Tiefbau
A;Halberstadt;Kommune;-;03941 / 551-0;info@halberstadt.de;38820;Fachbereich Tiefbau Stadt Halberstadt;Frostschäden auf Gemeindestraßen schnell beheben - Kaltasphalt ARM als Sofortlösung für Ihren Bauhof;Kommunaler Straßenunterhalt, Schlaglochbeseitigung;Tiefbau
A;Hann. Münden;Kommune;-;05541 / 75-0;info@hann.muenden.de;34346;Fachbereich Tiefbau Stadt Hann. Münden;Frostschäden auf Gemeindestraßen schnell beheben - Kaltasphalt ARM als Sofortlösung für Ihren Bauhof;Kommunaler Straßenunterhalt, Schlaglochbeseitigung;Tiefbau
A;Helmstedt;Kommune;-;05351 / 17-0;info@stadt-helmstedt.de;38350;Fachbereich Tiefbau Stadt Helmstedt;Frostschäden auf Gemeindestraßen schnell beheben - Kaltasphalt ARM als Sofortlösung für Ihren Bauhof;Kommunaler Straßenunterhalt, Schlaglochbeseitigung;Tiefbau
A;Holzminden;Kommune;-;05531 / 959-0;info@holzminden.de;37603;Fachbereich Tiefbau Stadt Holzminden;Frostschäden auf Gemeindestraßen schnell beheben - Kaltasphalt ARM als Sofortlösung für Ihren Bauhof;Kommunaler Straßenunterhalt, Schlaglochbeseitigung;Tiefbau
A;Homberg (Efze);Kommune;-;05681 / 775-0;info@homberg-efze.de;34576;Fachbereich Tiefbau Stadt Homberg (Efze);Frostschäden auf Gemeindestraßen schnell beheben - Kaltasphalt ARM als Sofortlösung für Ihren Bauhof;Kommunaler Straßenunterhalt, Schlaglochbeseitigung;Tiefbau
A;Korbach;Kommune;-;05631 / 53-0;info@korbach.de;34497;Fachbereich Tiefbau Stadt Korbach;Frostschäden auf Gemeindestraßen schnell beheben - Kaltasphalt ARM als Sofortlösung für Ihren Bauhof;Kommunaler Straßenunterhalt, Schlaglochbeseitigung;Tiefbau
A;Laatzen;Kommune;-;0511 / 8205-0;info@laatzen.de;30880;Fachbereich Tiefbau Stadt Laatzen;Frostschäden auf Gemeindestraßen schnell beheben - Kaltasphalt ARM als Sofortlösung für Ihren Bauhof;Kommunaler Straßenunterhalt, Schlaglochbeseitigung;Tiefbau
A;Langenhagen;Kommune;-;0511 / 7307-0;info@langenhagen.de;30853;Fachbereich Tiefbau Stadt Langenhagen;Frostschäden auf Gemeindestraßen schnell beheben - Kaltasphalt ARM als Sofortlösung für Ihren Bauhof;Kommunaler Straßenunterhalt, Schlaglochbeseitigung;Tiefbau
A;Lehrte;Kommune;-;05132 / 505-0;info@lehrte.de;31275;Fachbereich Tiefbau Stadt Lehrte;Frostschäden auf Gemeindestraßen schnell beheben - Kaltasphalt ARM als Sofortlösung für Ihren Bauhof;Kommunaler Straßenunterhalt, Schlaglochbeseitigung;Tiefbau
A;Melsungen;Kommune;-;05661 / 708-0;info@melsungen.de;34212;Fachbereich Tiefbau Stadt Melsungen;Frostschäden auf Gemeindestraßen schnell beheben - Kaltasphalt ARM als Sofortlösung für Ihren Bauhof;Kommunaler Straßenunterhalt, Schlaglochbeseitigung;Tiefbau
A;Neustadt a. Rbge.;Kommune;-;05032 / 84-0;info@neustadt-a-rbge.de;31535;Fachbereich Tiefbau Stadt Neustadt am Rübenberge;Frostschäden auf Gemeindestraßen schnell beheben - Kaltasphalt ARM als Sofortlösung für Ihren Bauhof;Kommunaler Straßenunterhalt, Schlaglochbeseitigung;Tiefbau
A;Nienburg/Weser;Kommune;-;05021 / 87-0;info@nienburg.de;31582;Fachbereich Tiefbau Stadt Nienburg/Weser;Frostschäden auf Gemeindestraßen schnell beheben - Kaltasphalt ARM als Sofortlösung für Ihren Bauhof;Kommunaler Straßenunterhalt, Schlaglochbeseitigung;Tiefbau
A;Northeim;Kommune;-;05551 / 966-0;info@northeim.de;37154;Fachbereich Tiefbau Stadt Northeim;Frostschäden auf Gemeindestraßen schnell beheben - Kaltasphalt ARM als Sofortlösung für Ihren Bauhof;Kommunaler Straßenunterhalt, Schlaglochbeseitigung;Tiefbau
A;Oschersleben;Kommune;-;03949 / 920-0;info@oschersleben.de;39387;Fachbereich Tiefbau Stadt Oschersleben (Bode);Frostschäden auf Gemeindestraßen schnell beheben - Kaltasphalt ARM als Sofortlösung für Ihren Bauhof;Kommunaler Straßenunterhalt, Schlaglochbeseitigung;Tiefbau
A;Osterode am Harz;Kommune;-;05522 / 318-0;info@osterode.de;37520;Fachbereich Tiefbau Stadt Osterode am Harz;Frostschäden auf Gemeindestraßen schnell beheben - Kaltasphalt ARM als Sofortlösung für Ihren Bauhof;Kommunaler Straßenunterhalt, Schlaglochbeseitigung;Tiefbau
A;Peine;Kommune;-;05171 / 49-0;info@peine.de;31224;Fachbereich Tiefbau Stadt Peine;Frostschäden auf Gemeindestraßen schnell beheben - Kaltasphalt ARM als Sofortlösung für Ihren Bauhof;Kommunaler Straßenunterhalt, Schlaglochbeseitigung;Tiefbau
A;Quedlinburg;Kommune;-;03946 / 905-0;info@quedlinburg.de;38820;Fachbereich Tiefbau Stadt Quedlinburg;Frostschäden auf Gemeindestraßen schnell beheben - Kaltasphalt ARM als Sofortlösung für Ihren Bauhof;Kommunaler Straßenunterhalt, Schlaglochbeseitigung;Tiefbau
A;Rinteln;Kommune;-;05751 / 403-0;info@rinteln.de;31737;Fachbereich Tiefbau Stadt Rinteln;Frostschäden auf Gemeindestraßen schnell beheben - Kaltasphalt ARM als Sofortlösung für Ihren Bauhof;Kommunaler Straßenunterhalt, Schlaglochbeseitigung;Tiefbau
A;Sangerhausen;Kommune;-;03464 / 535-0;bauamt@sangerhausen.de;38820;Fachbereich Tiefbau Stadt Sangerhausen;Frostschäden auf Gemeindestraßen schnell beheben - Kaltasphalt ARM als Sofortlösung für Ihren Bauhof;Kommunaler Straßenunterhalt, Schlaglochbeseitigung;Tiefbau
A;Schönebeck (Elbe);Kommune;-;03928 / 710-0;info@schoenebeck.de;39218;Fachbereich Tiefbau Stadt Schönebeck (Elbe);Frostschäden auf Gemeindestraßen schnell beheben - Kaltasphalt ARM als Sofortlösung für Ihren Bauhof;Kommunaler Straßenunterhalt, Schlaglochbeseitigung;Tiefbau
A;Springe;Kommune;-;05041 / 73-0;info@springe.de;31832;Fachbereich Tiefbau Stadt Springe;Frostschäden auf Gemeindestraßen schnell beheben - Kaltasphalt ARM als Sofortlösung für Ihren Bauhof;Kommunaler Straßenunterhalt, Schlaglochbeseitigung;Tiefbau
A;Stade;Kommune;-;04141 / 401-0;info@stadt-stade.de;21682;Fachbereich Tiefbau Stadt Stade;Frostschäden auf Gemeindestraßen schnell beheben - Kaltasphalt ARM als Sofortlösung für Ihren Bauhof;Kommunaler Straßenunterhalt, Schlaglochbeseitigung;Tiefbau
A;Stadthagen;Kommune;-;05721 / 926-0;info@stadthagen.de;31655;Fachbereich Tiefbau Stadt Stadthagen;Frostschäden auf Gemeindestraßen schnell beheben - Kaltasphalt ARM als Sofortlösung für Ihren Bauhof;Kommunaler Straßenunterhalt, Schlaglochbeseitigung;Tiefbau
A;Staßfurt;Kommune;-;03925 / 981-0;info@stassfurt.de;39418;Fachbereich Tiefbau Stadt Staßfurt;Frostschäden auf Gemeindestraßen schnell beheben - Kaltasphalt ARM als Sofortlösung für Ihren Bauhof;Kommunaler Straßenunterhalt, Schlaglochbeseitigung;Tiefbau
A;Stendal;Kommune;-;03931 / 651-0;info@stendal.de;39576;Fachbereich Tiefbau Stadt Stendal;Frostschäden auf Gemeindestraßen schnell beheben - Kaltasphalt ARM als Sofortlösung für Ihren Bauhof;Kommunaler Straßenunterhalt, Schlaglochbeseitigung;Tiefbau
A;Verden (Aller);Kommune;-;04231 / 12-0;info@verden.de;27283;Fachbereich Tiefbau Stadt Verden (Aller);Frostschäden auf Gemeindestraßen schnell beheben - Kaltasphalt ARM als Sofortlösung für Ihren Bauhof;Kommunaler Straßenunterhalt, Schlaglochbeseitigung;Tiefbau
A;Wedel;Kommune;-;04103 / 707-0;info@stadt.wedel.de;22880;Fachbereich Tiefbau Stadt Wedel;Frostschäden auf Gemeindestraßen schnell beheben - Kaltasphalt ARM als Sofortlösung für Ihren Bauhof;Kommunaler Straßenunterhalt, Schlaglochbeseitigung;Tiefbau
A;Wernigerode;Kommune;-;03943 / 654-0;info@wernigerode.de;38855;Fachbereich Tiefbau Stadt Wernigerode;Frostschäden auf Gemeindestraßen schnell beheben - Kaltasphalt ARM als Sofortlösung für Ihren Bauhof;Kommunaler Straßenunterhalt, Schlaglochbeseitigung;Tiefbau
A;Witzenhausen;Kommune;-;05542 / 509-0;info@witzenhausen.de;37213;Fachbereich Tiefbau Stadt Witzenhausen;Frostschäden auf Gemeindestraßen schnell beheben - Kaltasphalt ARM als Sofortlösung für Ihren Bauhof;Kommunaler Straßenunterhalt, Schlaglochbeseitigung;Tiefbau
A;Wolfenbüttel;Kommune;-;05331 / 86-0;info@wolfenbuettel.de;38300;Fachbereich Tiefbau Stadt Wolfenbüttel;Frostschäden auf Gemeindestraßen schnell beheben - Kaltasphalt ARM als Sofortlösung für Ihren Bauhof;Kommunaler Straßenunterhalt, Schlaglochbeseitigung;Tiefbau
A;Wunstorf;Kommune;-;05031 / 101-0;info@wunstorf.de;31515;Fachbereich Tiefbau Stadt Wunstorf;Frostschäden auf Gemeindestraßen schnell beheben - Kaltasphalt ARM als Sofortlösung für Ihren Bauhof;Kommunaler Straßenunterhalt, Schlaglochbeseitigung;Tiefbau
A;Strausberg;Kommune;-;03341 / 381-400;tiefbau@stadt-strausberg.de;15344;Fachbereich Tiefbau Strausberg;Frostschäden auf Gemeindestraßen schnell beheben - Kaltasphalt ARM als Sofortlösung für Ihren Bauhof;Kommunaler Straßenunterhalt, Schlaglochbeseitigung;Tiefbau
A;Teltow;Kommune;-;03328 / 4781-400;tiefbau@teltow.de;14513;Fachbereich Tiefbau Teltow;Frostschäden auf Gemeindestraßen schnell beheben - Kaltasphalt ARM als Sofortlösung für Ihren Bauhof;Kommunaler Straßenunterhalt, Schlaglochbeseitigung;Tiefbau
A;Werder (Havel);Kommune;-;03327 / 783-300;tiefbau@werder-havel.de;14542;Fachbereich Tiefbau Werder (Havel);Frostschäden auf Gemeindestraßen schnell beheben - Kaltasphalt ARM als Sofortlösung für Ihren Bauhof;Kommunaler Straßenunterhalt, Schlaglochbeseitigung;Tiefbau
A;Winsen (Luhe);Kommune;-;04171 / 781-0;info@stadt-winsen.de;21423;Fachbereich Tiefbau Winsen (Luhe);Frostschäden auf Gemeindestraßen schnell beheben - Kaltasphalt ARM als Sofortlösung für Ihren Bauhof;Kommunaler Straßenunterhalt, Schlaglochbeseitigung;Tiefbau
A;Ludwigsfelde;Kommune;-;03378 / 827-200;tiefbau@ludwigsfelde.de;14974;Fachbereich Tiefbau und Grünflächen Ludwigsfelde;Frostschäden auf Gemeindestraßen schnell beheben - Kaltasphalt ARM als Sofortlösung für Ihren Bauhof;Kommunaler Straßenunterhalt, Schlaglochbeseitigung;Tiefbau
A;Potsdam;Kommune;-;0331 / 289-3100;tiefbau@rathaus.potsdam.de;14467;Fachbereich Tiefbau und Grünflächen Potsdam;Frostschäden auf Gemeindestraßen schnell beheben - Kaltasphalt ARM als Sofortlösung für Ihren Bauhof;Kommunaler Straßenunterhalt, Schlaglochbeseitigung;Tiefbau
A;Wismar;Kommune;-;03841 / 251-4100;tiefbau@wismar.de;23966;Fachbereich Tiefbau und Grünflächen Wismar;Frostschäden auf Gemeindestraßen schnell beheben - Kaltasphalt ARM als Sofortlösung für Ihren Bauhof;Kommunaler Straßenunterhalt, Schlaglochbeseitigung;Tiefbau
A;Salzgitter;Kommune;-;05341 / 839-0;tiefbau@stadt.salzgitter.de;38226;Fachbereich Tiefbau und Stadtgrün – Stadt Salzgitter;Frostschäden auf Gemeindestraßen schnell beheben - Kaltasphalt ARM als Sofortlösung für Ihren Bauhof;Kommunaler Straßenunterhalt, Schlaglochbeseitigung;Tiefbau
A;Bernau bei Berlin;Kommune;-;03338 / 365-500;tiefbau@bernau-bei-berlin.de;16321;Fachbereich Tiefbau und Straßen Bernau bei Berlin;Frostschäden auf Gemeindestraßen schnell beheben - Kaltasphalt ARM als Sofortlösung für Ihren Bauhof;Kommunaler Straßenunterhalt, Schlaglochbeseitigung;Tiefbau
A;Bremervörde;Kommune;-;04761 / 987-0;info@bremervoerde.de;27432;Fachbereich Tiefbau und Straßen Bremervörde;Frostschäden auf Gemeindestraßen schnell beheben - Kaltasphalt ARM als Sofortlösung für Ihren Bauhof;Kommunaler Straßenunterhalt, Schlaglochbeseitigung;Tiefbau
A;Fürstenwalde/Spree;Kommune;-;03361 / 557-300;tiefbau@fuerstenwalde-spree.de;15517;Fachbereich Tiefbau und Straßen Fürstenwalde/Spree;Frostschäden auf Gemeindestraßen schnell beheben - Kaltasphalt ARM als Sofortlösung für Ihren Bauhof;Kommunaler Straßenunterhalt, Schlaglochbeseitigung;Tiefbau
A;Soltau;Kommune;-;05191 / 82-0;info@stadt-soltau.de;29614;Fachbereich Tiefbau und Straßen Soltau;Frostschäden auf Gemeindestraßen schnell beheben - Kaltasphalt ARM als Sofortlösung für Ihren Bauhof;Kommunaler Straßenunterhalt, Schlaglochbeseitigung;Tiefbau
A;Waren (Müritz);Kommune;-;03991 / 177-400;tiefbau@waren-mueritz.de;17192;Fachbereich Tiefbau und Straßen Waren (Müritz);Frostschäden auf Gemeindestraßen schnell beheben - Kaltasphalt ARM als Sofortlösung für Ihren Bauhof;Kommunaler Straßenunterhalt, Schlaglochbeseitigung;Tiefbau
A;Hameln;Kommune;-;05151 / 202-0;tiefbau@hameln.de;31785;Fachbereich Tiefbau und Umwelt – Stadt Hameln;Frostschäden auf Gemeindestraßen schnell beheben - Kaltasphalt ARM als Sofortlösung für Ihren Bauhof;Kommunaler Straßenunterhalt, Schlaglochbeseitigung;Tiefbau
A;Bad Segeberg;Kommune;-;04551 / 964-0;info@bad-segeberg.de;23795;Fachbereich Tiefbau und Verkehr Bad Segeberg;Frostschäden auf Gemeindestraßen schnell beheben - Kaltasphalt ARM als Sofortlösung für Ihren Bauhof;Kommunaler Straßenunterhalt, Schlaglochbeseitigung;Tiefbau
A;Buxtehude;Kommune;-;04161 / 501-0;info@stadt.buxtehude.de;21614;Fachbereich Tiefbau und Verkehr Buxtehude;Frostschäden auf Gemeindestraßen schnell beheben - Kaltasphalt ARM als Sofortlösung für Ihren Bauhof;Kommunaler Straßenunterhalt, Schlaglochbeseitigung;Tiefbau
A;Cuxhaven;Kommune;-;04721 / 700-0;info@cuxhaven.de;27472;Fachbereich Tiefbau und Verkehr Cuxhaven;Frostschäden auf Gemeindestraßen schnell beheben - Kaltasphalt ARM als Sofortlösung für Ihren Bauhof;Kommunaler Straßenunterhalt, Schlaglochbeseitigung;Tiefbau
A;Lüneburg;Kommune;-;04131 / 309-0;tiefbau@stadt.lueneburg.de;21335;Fachbereich Tiefbau und Verkehr Lüneburg;Frostschäden auf Gemeindestraßen schnell beheben - Kaltasphalt ARM als Sofortlösung für Ihren Bauhof;Kommunaler Straßenunterhalt, Schlaglochbeseitigung;Tiefbau
A;Neubrandenburg;Kommune;-;0395 / 555-2600;tiefbau@neubrandenburg.de;17033;Fachbereich Tiefbau und Verkehr Neubrandenburg;Frostschäden auf Gemeindestraßen schnell beheben - Kaltasphalt ARM als Sofortlösung für Ihren Bauhof;Kommunaler Straßenunterhalt, Schlaglochbeseitigung;Tiefbau
A;Neuruppin;Kommune;-;03391 / 355-700;tiefbau@neuruppin.de;16816;Fachbereich Tiefbau und Verkehr Neuruppin;Frostschäden auf Gemeindestraßen schnell beheben - Kaltasphalt ARM als Sofortlösung für Ihren Bauhof;Kommunaler Straßenunterhalt, Schlaglochbeseitigung;Tiefbau
A;Norderstedt;Kommune;-;040 / 53595-0;info@norderstedt.de;22846;Fachbereich Tiefbau und Verkehr Norderstedt;Frostschäden auf Gemeindestraßen schnell beheben - Kaltasphalt ARM als Sofortlösung für Ihren Bauhof;Kommunaler Straßenunterhalt, Schlaglochbeseitigung;Tiefbau
A;Rotenburg (Wümme);Kommune;-;04261 / 71-0;info@rotenburg-wuemme.de;27356;Fachbereich Tiefbau und Verkehr Rotenburg (Wümme);Frostschäden auf Gemeindestraßen schnell beheben - Kaltasphalt ARM als Sofortlösung für Ihren Bauhof;Kommunaler Straßenunterhalt, Schlaglochbeseitigung;Tiefbau
A;Schwedt/Oder;Kommune;-;03332 / 446-400;tiefbau@schwedt.de;16303;Fachbereich Tiefbau und Verkehr Schwedt/Oder;Frostschäden auf Gemeindestraßen schnell beheben - Kaltasphalt ARM als Sofortlösung für Ihren Bauhof;Kommunaler Straßenunterhalt, Schlaglochbeseitigung;Tiefbau
A;Braunschweig;Kommune;-;0531 / 470-6501;fb66@braunschweig.de;38100;Fachbereich Tiefbau und Verkehr – Stadt Braunschweig (FB 66);Frostschäden auf Gemeindestraßen schnell beheben - Kaltasphalt ARM als Sofortlösung für Ihren Bauhof;Kommunaler Straßenunterhalt, Schlaglochbeseitigung;Tiefbau
A;Hannover;Kommune;-;0511 / 168-42601;tiefbau@hannover-stadt.de;30159;Fachbereich Tiefbau – Landeshauptstadt Hannover;Frostschäden auf Gemeindestraßen schnell beheben - Kaltasphalt ARM als Sofortlösung für Ihren Bauhof;Kommunaler Straßenunterhalt, Schlaglochbeseitigung;Tiefbau
A;Göttingen;Kommune;-;0551 / 400-0;tiefbau@goettingen.de;37073;Fachbereich Tiefbau – Stadt Göttingen;Frostschäden auf Gemeindestraßen schnell beheben - Kaltasphalt ARM als Sofortlösung für Ihren Bauhof;Kommunaler Straßenunterhalt, Schlaglochbeseitigung;Tiefbau
A;Hildesheim;Kommune;-;05121 / 301-0;tiefbau@stadt-hildesheim.de;31134;Fachbereich Tiefbau – Stadt Hildesheim (FB 66);Frostschäden auf Gemeindestraßen schnell beheben - Kaltasphalt ARM als Sofortlösung für Ihren Bauhof;Kommunaler Straßenunterhalt, Schlaglochbeseitigung;Tiefbau
A;Reinbek;Kommune;-;040 / 72750-0;info@reinbek.de;21465;Fachdienst Tiefbau Reinbek;Frostschäden auf Gemeindestraßen schnell beheben - Kaltasphalt ARM als Sofortlösung für Ihren Bauhof;Kommunaler Straßenunterhalt, Schlaglochbeseitigung;Tiefbau
A;Pinneberg;Kommune;-;04101 / 211-0;info@pinneberg.de;25421;Fachdienst Tiefbau und Grünflächen Pinneberg;Frostschäden auf Gemeindestraßen schnell beheben - Kaltasphalt ARM als Sofortlösung für Ihren Bauhof;Kommunaler Straßenunterhalt, Schlaglochbeseitigung;Tiefbau
A;Schwerin;Kommune;-;0385 / 545-3200;tiefbau@schwerin.de;19053;Fachdienst Tiefbau und Grünflächen Schwerin;Frostschäden auf Gemeindestraßen schnell beheben - Kaltasphalt ARM als Sofortlösung für Ihren Bauhof;Kommunaler Straßenunterhalt, Schlaglochbeseitigung;Tiefbau
A;Ahrensburg;Kommune;-;04102 / 77-0;info@ahrensburg.de;22926;Fachdienst Tiefbau und Verkehr Ahrensburg;Frostschäden auf Gemeindestraßen schnell beheben - Kaltasphalt ARM als Sofortlösung für Ihren Bauhof;Kommunaler Straßenunterhalt, Schlaglochbeseitigung;Tiefbau
A;Bad Oldesloe;Kommune;-;04531 / 504-0;info@badoldesloe.de;23843;Fachdienst Tiefbau und Verkehr Bad Oldesloe;Frostschäden auf Gemeindestraßen schnell beheben - Kaltasphalt ARM als Sofortlösung für Ihren Bauhof;Kommunaler Straßenunterhalt, Schlaglochbeseitigung;Tiefbau
A;Elmshorn;Kommune;-;04121 / 231-0;info@elmshorn.de;25335;Fachdienst Tiefbau und Verkehr Elmshorn;Frostschäden auf Gemeindestraßen schnell beheben - Kaltasphalt ARM als Sofortlösung für Ihren Bauhof;Kommunaler Straßenunterhalt, Schlaglochbeseitigung;Tiefbau
A;Geesthacht;Kommune;-;04152 / 13-0;info@geesthacht.de;21502;Fachdienst Tiefbau und Verkehr Geesthacht;Frostschäden auf Gemeindestraßen schnell beheben - Kaltasphalt ARM als Sofortlösung für Ihren Bauhof;Kommunaler Straßenunterhalt, Schlaglochbeseitigung;Tiefbau
A;Neumünster;Kommune;-;04321 / 942-0;info@neumuenster.de;24534;Fachdienst Tiefbau und Verkehr Neumünster;Frostschäden auf Gemeindestraßen schnell beheben - Kaltasphalt ARM als Sofortlösung für Ihren Bauhof;Kommunaler Straßenunterhalt, Schlaglochbeseitigung;Tiefbau
A;Quickborn;Kommune;-;04106 / 611-0;info@quickborn.de;25451;Fachdienst Tiefbau und Verkehr Quickborn;Frostschäden auf Gemeindestraßen schnell beheben - Kaltasphalt ARM als Sofortlösung für Ihren Bauhof;Kommunaler Straßenunterhalt, Schlaglochbeseitigung;Tiefbau
A;Tiefbauamt der Großen Kreisstadt Freising;Kommune;;08161 / 54-46100;tiefbauamt@freising.de;85354;Freising;Frostschäden auf Gemeindestraßen schnell beheben - Kaltasphalt ARM als Sofortlösung für Ihren Bauhof;Kommunaler Straßenunterhalt, Schlaglochbeseitigung;Tiefbau
A;Bauamt / Tiefbau der Großen Kreisstadt FFB;Kommune;;08141 / 281-0;bauamt@fuerstenfeldbruck.de;82256;Fürstenfeldbruck;Frostschäden auf Gemeindestraßen schnell beheben - Kaltasphalt ARM als Sofortlösung für Ihren Bauhof;Kommunaler Straßenunterhalt, Schlaglochbeseitigung;Tiefbau
A;Referat Tiefbau / Straßenunterhaltung (69/3.2);Kommune;;0209 / 169-0;stadt@gelsenkirchen.de;45879;Gelsenkirchen;Frostschäden auf Gemeindestraßen schnell beheben - Kaltasphalt ARM als Sofortlösung für Ihren Bauhof;Kommunaler Straßenunterhalt, Schlaglochbeseitigung;Tiefbau
A;Tiefbauamt / Amt für Tiefbau und Verkehr der Stadt Gera;Kommune;;0365 / 838-4601;tiefbauamt@gera.de;07545;Gera;Frostschäden auf Gemeindestraßen schnell beheben - Kaltasphalt ARM als Sofortlösung für Ihren Bauhof;Kommunaler Straßenunterhalt, Schlaglochbeseitigung;Tiefbau
A;Bezirksamt Altona, Fachamt MR, Abt. Stadtgruen;Kommune;;040 42811-1802;stadtgruen@altona.hamburg.de;22765;Hamburg-Altona;Frostschäden an Parkwegen und öffentlichen Flächen schnell beheben — ARM Kaltasphalt als Sofortlösung;Kommunale Grünflächenpflege, Wegebau, Flächeninstandsetzung;GaLaBau
A;Bezirksamt Harburg, Fachamt MR, Abt. Stadtgruen;Kommune;;040 42871-2132;stadtgruen@harburg.hamburg.de;21073;Hamburg-Harburg;Frostschäden an Parkwegen und öffentlichen Flächen schnell beheben — ARM Kaltasphalt als Sofortlösung;Kommunale Grünflächenpflege, Wegebau, Flächeninstandsetzung;GaLaBau
A;Fachbereich Umwelt und Stadtgruen (FB 67);Kommune;;0511 / 168-43801;67.3Buergeranfragen@hannover-stadt.de;30167;Hannover;Frostschäden an Parkwegen und öffentlichen Flächen schnell beheben — ARM Kaltasphalt als Sofortlösung;Kommunale Grünflächenpflege, Wegebau, Flächeninstandsetzung;GaLaBau
A;Hamburg;Kommune;-;040 / 42826-0;info@lsbg.hamburg.de;20095;Landesbetrieb Straßen, Brücken und Gewässer (LSBG) Hamburg;Frostschäden auf Gemeindestraßen schnell beheben - Kaltasphalt ARM als Sofortlösung für Ihren Bauhof;Kommunaler Straßenunterhalt, Schlaglochbeseitigung;Tiefbau
A;Tiefbauamt der Stadt Landshut;Kommune;;0871 / 88-1660;tiefbauamt@landshut.de;84028;Landshut;Frostschäden auf Gemeindestraßen schnell beheben - Kaltasphalt ARM als Sofortlösung für Ihren Bauhof;Kommunaler Straßenunterhalt, Schlaglochbeseitigung;Tiefbau
A;Tiefbauamt / Bauamt;Kommune;;09571 / 18352;bauamt@lichtenfels.de;96215;Lichtenfels;Frostschäden auf Gemeindestraßen schnell beheben - Kaltasphalt ARM als Sofortlösung für Ihren Bauhof;Kommunaler Straßenunterhalt, Schlaglochbeseitigung;Tiefbau
A;Bereich Tiefbau der Stadt Ludwigshafen;Kommune;;0621 / 504-3100;tiefbau@ludwigshafen.de;67059;Ludwigshafen am Rhein;Frostschäden auf Gemeindestraßen schnell beheben - Kaltasphalt ARM als Sofortlösung für Ihren Bauhof;Kommunaler Straßenunterhalt, Schlaglochbeseitigung;Tiefbau
A;Bereich Stadtgruen und Verkehr;Kommune;;0451 122-6701;stadtgruen.verkehr@luebeck.de;23539;Luebeck;Frostschäden an Parkwegen und öffentlichen Flächen schnell beheben — ARM Kaltasphalt als Sofortlösung;Kommunale Grünflächenpflege, Wegebau, Flächeninstandsetzung;GaLaBau
A;Tiefbauamt der Landeshauptstadt Mainz;Kommune;;06131 / 12-3456;tiefbauamt@stadt.mainz.de;55116;Mainz;Frostschäden auf Gemeindestraßen schnell beheben - Kaltasphalt ARM als Sofortlösung für Ihren Bauhof;Kommunaler Straßenunterhalt, Schlaglochbeseitigung;Tiefbau
A;Fachbereich Tiefbau (FB 66) der Stadt Mannheim;Kommune;;0621 / 293-7600;tiefbau@mannheim.de;68161;Mannheim;Frostschäden auf Gemeindestraßen schnell beheben - Kaltasphalt ARM als Sofortlösung für Ihren Bauhof;Kommunaler Straßenunterhalt, Schlaglochbeseitigung;Tiefbau
A;Fachbereich Bau- und Stadtplanung / Sachgebiet Tiefbau;Kommune;;03461 / 445-0;info@merseburg.de;06217;Merseburg;Frostschäden auf Gemeindestraßen schnell beheben - Kaltasphalt ARM als Sofortlösung für Ihren Bauhof;Kommunaler Straßenunterhalt, Schlaglochbeseitigung;Tiefbau
A;Bauamt / Abt. Tiefbau der Kreisstadt Neunkirchen;Kommune;;06821 / 202-600;tiefbau@neunkirchen.de;66538;Neunkirchen (Saar);Frostschäden auf Gemeindestraßen schnell beheben - Kaltasphalt ARM als Sofortlösung für Ihren Bauhof;Kommunaler Straßenunterhalt, Schlaglochbeseitigung;Tiefbau
A;Tiefbaumanagement;Kommune;;02131 / 90-6601;info@neuss.de;41464;Neuss;Frostschäden auf Gemeindestraßen schnell beheben - Kaltasphalt ARM als Sofortlösung für Ihren Bauhof;Kommunaler Straßenunterhalt, Schlaglochbeseitigung;Tiefbau
A;Fachbereich Bauen und Stadtentwicklung / Tiefbau;Kommune;;03946 / 905-0;info@quedlinburg.de;06484;Quedlinburg;Frostschäden auf Gemeindestraßen schnell beheben - Kaltasphalt ARM als Sofortlösung für Ihren Bauhof;Kommunaler Straßenunterhalt, Schlaglochbeseitigung;Tiefbau
A;Sachgebiet Tiefbau / Fachbereich Tiefbau und Ordnung;Kommune;;0351 / 831-1050;tiefbau@radebeul.de;01445;Radebeul;Frostschäden auf Gemeindestraßen schnell beheben - Kaltasphalt ARM als Sofortlösung für Ihren Bauhof;Kommunaler Straßenunterhalt, Schlaglochbeseitigung;Tiefbau
A;Tiefbauamt / Fachbereich Tiefbau der Stadt Riesa;Kommune;;03525 / 700-0;stadtverwaltung@riesa.de;01589;Riesa;Frostschäden auf Gemeindestraßen schnell beheben - Kaltasphalt ARM als Sofortlösung für Ihren Bauhof;Kommunaler Straßenunterhalt, Schlaglochbeseitigung;Tiefbau
A;Fachdienst Tiefbau der Stadt Rodgau;Kommune;;06106 / 693-1500;tiefbau@rodgau.de;63110;Rodgau;Frostschäden auf Gemeindestraßen schnell beheben - Kaltasphalt ARM als Sofortlösung für Ihren Bauhof;Kommunaler Straßenunterhalt, Schlaglochbeseitigung;Tiefbau
A;Bauamt / Fachbereich Bau (inkl. Tiefbau);Kommune;;03464 / 535-0;bauamt@sangerhausen.de;06526;Sangerhausen;Frostschäden auf Gemeindestraßen schnell beheben - Kaltasphalt ARM als Sofortlösung für Ihren Bauhof;Kommunaler Straßenunterhalt, Schlaglochbeseitigung;Tiefbau
A;Stadt Schweinfurt – Tiefbau (Straßenbau/Bauleitung);Kommune;;09721/51-4701;tiefbau@schweinfurt.de;97421;Schweinfurt;Frostschäden auf Gemeindestraßen schnell beheben - Kaltasphalt ARM als Sofortlösung für Ihren Bauhof;Straßenbau/Bauleitung (kommunal);Tiefbau
A;Bauamt – Abteilung Tiefbau;Kommune;;09287 / 883-172;poststelle@selb.de;95100;Selb;Frostschäden auf Gemeindestraßen schnell beheben - Kaltasphalt ARM als Sofortlösung für Ihren Bauhof;Kommunaler Straßenunterhalt, Schlaglochbeseitigung;Tiefbau
A;Berlin;Kommune;-;030 / 9025-0;poststelle@senmvku.berlin.de;10179;Senatsverwaltung für Mobilität, Verkehr, Klimaschutz und Umwelt;Frostschäden auf Gemeindestraßen schnell beheben - Kaltasphalt ARM als Sofortlösung für Ihren Bauhof;Kommunaler Straßenunterhalt, Schlaglochbeseitigung;Tiefbau
A;Fachbereich Stadtgruen und Umwelt;Kommune;;02241 102-0;info@siegburg.de;53721;Siegburg;Frostschäden an Parkwegen und öffentlichen Flächen schnell beheben — ARM Kaltasphalt als Sofortlösung;Kommunale Grünflächenpflege, Wegebau, Flächeninstandsetzung;GaLaBau
A;Bauamt / Tiefbau der Stadt Sonthofen;Kommune;;08321 / 615-0;bauamt@sonthofen.de;87527;Sonthofen;Frostschäden auf Gemeindestraßen schnell beheben - Kaltasphalt ARM als Sofortlösung für Ihren Bauhof;Kommunaler Straßenunterhalt, Schlaglochbeseitigung;Tiefbau
A;Naturschutzamt des Landkreises Stade;Kommune;;04141 12-6741;naturschutz@landkreis-stade.de;21682;Stade;Frostschäden an Parkwegen und öffentlichen Flächen schnell beheben — ARM Kaltasphalt als Sofortlösung;Kommunale Grünflächenpflege, Wegebau, Flächeninstandsetzung;GaLaBau
A;Berlin;Kommune;-;030 / 9029-14800;sga@charlottenburg-wilmersdorf.de;10585;Straßen- und Grünflächenamt Berlin-Charlottenburg-Wilmersdorf;Frostschäden auf Gemeindestraßen schnell beheben - Kaltasphalt ARM als Sofortlösung für Ihren Bauhof;Kommunaler Straßenunterhalt, Schlaglochbeseitigung;Tiefbau
A;Berlin;Kommune;-;030 / 90298-8005;sga@ba-fk.berlin.de;10997;Straßen- und Grünflächenamt Berlin-Friedrichshain-Kreuzberg;Frostschäden auf Gemeindestraßen schnell beheben - Kaltasphalt ARM als Sofortlösung für Ihren Bauhof;Kommunaler Straßenunterhalt, Schlaglochbeseitigung;Tiefbau
A;Berlin;Kommune;-;030 / 90296-3800;sga@lichtenberg.berlin.de;10365;Straßen- und Grünflächenamt Berlin-Lichtenberg;Frostschäden auf Gemeindestraßen schnell beheben - Kaltasphalt ARM als Sofortlösung für Ihren Bauhof;Kommunaler Straßenunterhalt, Schlaglochbeseitigung;Tiefbau
A;Berlin;Kommune;-;030 / 90293-3500;sga@ba-mh.berlin.de;12679;Straßen- und Grünflächenamt Berlin-Marzahn-Hellersdorf;Frostschäden auf Gemeindestraßen schnell beheben - Kaltasphalt ARM als Sofortlösung für Ihren Bauhof;Kommunaler Straßenunterhalt, Schlaglochbeseitigung;Tiefbau
A;Berlin;Kommune;-;030 / 90239-2710;sga@bezirksamt-neukoelln.de;12040;Straßen- und Grünflächenamt Berlin-Neukölln;Frostschäden auf Gemeindestraßen schnell beheben - Kaltasphalt ARM als Sofortlösung für Ihren Bauhof;Kommunaler Straßenunterhalt, Schlaglochbeseitigung;Tiefbau
A;Berlin;Kommune;-;030 / 90295-8600;sga@ba-pankow.berlin.de;10405;Straßen- und Grünflächenamt Berlin-Pankow;Frostschäden auf Gemeindestraßen schnell beheben - Kaltasphalt ARM als Sofortlösung für Ihren Bauhof;Kommunaler Straßenunterhalt, Schlaglochbeseitigung;Tiefbau
A;Berlin;Kommune;-;030 / 90294-2400;sga@reinickendorf.berlin.de;13435;Straßen- und Grünflächenamt Berlin-Reinickendorf;Frostschäden auf Gemeindestraßen schnell beheben - Kaltasphalt ARM als Sofortlösung für Ihren Bauhof;Kommunaler Straßenunterhalt, Schlaglochbeseitigung;Tiefbau
A;Berlin;Kommune;-;030 / 90279-2300;sga@ba-spandau.berlin.de;13597;Straßen- und Grünflächenamt Berlin-Spandau;Frostschäden auf Gemeindestraßen schnell beheben - Kaltasphalt ARM als Sofortlösung für Ihren Bauhof;Kommunaler Straßenunterhalt, Schlaglochbeseitigung;Tiefbau
A;Berlin;Kommune;-;030 / 90299-6100;sga@ba-sz.berlin.de;14163;Straßen- und Grünflächenamt Berlin-Steglitz-Zehlendorf;Frostschäden auf Gemeindestraßen schnell beheben - Kaltasphalt ARM als Sofortlösung für Ihren Bauhof;Kommunaler Straßenunterhalt, Schlaglochbeseitigung;Tiefbau
A;Berlin;Kommune;-;030 / 90277-6200;sga@ba-ts.berlin.de;10820;Straßen- und Grünflächenamt Berlin-Tempelhof-Schöneberg;Frostschäden auf Gemeindestraßen schnell beheben - Kaltasphalt ARM als Sofortlösung für Ihren Bauhof;Kommunaler Straßenunterhalt, Schlaglochbeseitigung;Tiefbau
A;Tiefbauamt der Stadt Suhl;Kommune;;03681 / 74-2401;poststelle@stadtsuhl.de;98527;Suhl;Frostschäden auf Gemeindestraßen schnell beheben - Kaltasphalt ARM als Sofortlösung für Ihren Bauhof;Kommunaler Straßenunterhalt, Schlaglochbeseitigung;Tiefbau
A;Lübeck;Kommune;-;0451 / 122-0;tiefbau@luebeck.de;23539;Tiefbauamt Lübeck (Fachbereich 5 - Planen und Bauen);Frostschäden auf Gemeindestraßen schnell beheben - Kaltasphalt ARM als Sofortlösung für Ihren Bauhof;Kommunaler Straßenunterhalt, Schlaglochbeseitigung;Tiefbau
A;Lüdenscheid;Kommune;-;02351 / 17-0;info@luedenscheid.de;58507;Tiefbauamt der Stadt Lüdenscheid;Frostschäden auf Gemeindestraßen schnell beheben - Kaltasphalt ARM als Sofortlösung für Ihren Bauhof;Kommunaler Straßenunterhalt, Schlaglochbeseitigung;Tiefbau
A;Olpe;Kommune;-;02761 / 83-0;info@olpe.de;57462;Tiefbauamt der Stadt Olpe;Frostschäden auf Gemeindestraßen schnell beheben - Kaltasphalt ARM als Sofortlösung für Ihren Bauhof;Kommunaler Straßenunterhalt, Schlaglochbeseitigung;Tiefbau
A;Schwerte;Kommune;-;02304 / 104-0;info@schwerte.de;58239;Tiefbauamt der Stadt Schwerte;Frostschäden auf Gemeindestraßen schnell beheben - Kaltasphalt ARM als Sofortlösung für Ihren Bauhof;Kommunaler Straßenunterhalt, Schlaglochbeseitigung;Tiefbau
A;Siegburg;Kommune;-;02241 / 102-0;info@siegburg.de;53721;Tiefbauamt der Stadt Siegburg;Frostschäden auf Gemeindestraßen schnell beheben - Kaltasphalt ARM als Sofortlösung für Ihren Bauhof;Kommunaler Straßenunterhalt, Schlaglochbeseitigung;Tiefbau
A;Wipperfürth;Kommune;-;02267 / 64-0;info@wipperfuerth.de;51688;Tiefbauamt der Stadt Wipperfürth;Frostschäden auf Gemeindestraßen schnell beheben - Kaltasphalt ARM als Sofortlösung für Ihren Bauhof;Kommunaler Straßenunterhalt, Schlaglochbeseitigung;Tiefbau
A;Magdeburg;Kommune;-;0391 / 540-0;tiefbauamt@magdeburg.de;39104;Tiefbauamt – Landeshauptstadt Magdeburg;Frostschäden auf Gemeindestraßen schnell beheben - Kaltasphalt ARM als Sofortlösung für Ihren Bauhof;Kommunaler Straßenunterhalt, Schlaglochbeseitigung;Tiefbau
A;Bauamt / Tiefbau der Großen Kreisstadt Traunstein;Kommune;;0861 / 65-0;bauamt@traunstein.de;83278;Traunstein;Frostschäden auf Gemeindestraßen schnell beheben - Kaltasphalt ARM als Sofortlösung für Ihren Bauhof;Kommunaler Straßenunterhalt, Schlaglochbeseitigung;Tiefbau
A;Bauamt / Abt. Tiefbau der Stadt Völklingen;Kommune;;06898 / 13-2600;tiefbau@voelklingen.de;66333;Völklingen;Frostschäden auf Gemeindestraßen schnell beheben - Kaltasphalt ARM als Sofortlösung für Ihren Bauhof;Kommunaler Straßenunterhalt, Schlaglochbeseitigung;Tiefbau
A;Bauamt / Tiefbau der Stadt Weilheim;Kommune;;0881 / 682-0;bauamt@weilheim.de;82362;Weilheim i.OB;Frostschäden auf Gemeindestraßen schnell beheben - Kaltasphalt ARM als Sofortlösung für Ihren Bauhof;Kommunaler Straßenunterhalt, Schlaglochbeseitigung;Tiefbau
A;Fachbereich Bau und Stadtentwicklung / Tiefbau;Kommune;;03443 / 370-0;info@weissenfels.de;06667;Weißenfels;Frostschäden auf Gemeindestraßen schnell beheben - Kaltasphalt ARM als Sofortlösung für Ihren Bauhof;Kommunaler Straßenunterhalt, Schlaglochbeseitigung;Tiefbau
A;Bauamt / Fachbereich Tiefbau und Verkehr;Kommune;;03491 / 421-0;bauamt@wittenberg.de;06886;Wittenberg (Lutherstadt);Frostschäden auf Gemeindestraßen schnell beheben - Kaltasphalt ARM als Sofortlösung für Ihren Bauhof;Kommunaler Straßenunterhalt, Schlaglochbeseitigung;Tiefbau
A;Abt. 6.3 – Tiefbau und Gewässerschutz;Kommune;;06241 / 853-6300;tiefbau@worms.de;67547;Worms;Frostschäden auf Gemeindestraßen schnell beheben - Kaltasphalt ARM als Sofortlösung für Ihren Bauhof;Kommunaler Straßenunterhalt, Schlaglochbeseitigung;Tiefbau
A;Kastrati GaLaBau;Privat (GaLaBau);;0160 78 28 928;info@kastrati.info;86450;Altenmünster (Bühlweg 4);Schnelle Asphalt-Reparatur für Einfahrten, Wege und Terrassen — ARM Kaltasphalt, sofort verarbeitbar;Pflasterarbeiten, Gartengestaltung, PV-Anlagen-Montage;GaLaBau
A;Martins GaLaBau;Privat (GaLaBau);;0176 45919407;galabau.m@web.de;86163;Augsburg;Schnelle Asphalt-Reparatur für Einfahrten, Wege und Terrassen — ARM Kaltasphalt, sofort verarbeitbar;Außenanlagen, Pflasterarbeiten, Terrassenbau;GaLaBau
A;Wolf Gartenbau;Privat (GaLaBau);;0160 95256896;info@wolf-gartenanlagen.de;76532;Baden-Baden;Schnelle Asphalt-Reparatur für Einfahrten, Wege und Terrassen — ARM Kaltasphalt, sofort verarbeitbar;Gartenbau, Pflasterbau, Terrassenbau, Straßenbau, Mauern und Zäune;GaLaBau
A;Arkadia Gartengestaltung;Privat (GaLaBau);;030 831-8145;info@arkadia-gartengestaltung.de;10365;Berlin-Lichtenberg;Schnelle Asphalt-Reparatur für Einfahrten, Wege und Terrassen — ARM Kaltasphalt, sofort verarbeitbar;Gartengestaltung, Pflege, seit 1983;GaLaBau
A;Farys Galabau;Privat (GaLaBau);;0175 5085176;info@farys-galabau.de;44309;Dortmund;Schnelle Asphalt-Reparatur für Einfahrten, Wege und Terrassen — ARM Kaltasphalt, sofort verarbeitbar;GaLaBau, Pflasterarbeiten für Wege/Terrassen/Zufahrten, Gartengestaltung;GaLaBau
A;BVG GmbH;Privat (GaLaBau);;069 / 97760574;info@bvg-frankfurt.de;60437;Frankfurt am Main;Schnelle Asphalt-Reparatur für Einfahrten, Wege und Terrassen — ARM Kaltasphalt, sofort verarbeitbar;GaLaBau, Baumarbeiten, Zaunarbeiten, Pflasterarbeiten;GaLaBau
A;MZ Infra & GaLaBau GmbH;Privat (GaLaBau);;040 702-96686;info@galahamburg.de;22299;Hamburg;Schnelle Asphalt-Reparatur für Einfahrten, Wege und Terrassen — ARM Kaltasphalt, sofort verarbeitbar;Tiefbau, Pflasterarbeiten, Wegebau, GaLaBau, Parkplatzinstandsetzung;GaLaBau
A;gruengrund GmbH;Privat (GaLaBau);;02233 471-9977;galabau@gruengrund-gmbh.de;50354;Huerth;Schnelle Asphalt-Reparatur für Einfahrten, Wege und Terrassen — ARM Kaltasphalt, sofort verarbeitbar;GaLaBau, Pflasterarbeiten, Wegebau, Terrassen, Einfahrten, Gruenpflege;GaLaBau
A;in-horto GmbH;Privat (GaLaBau);;02233 5459777;info@in-horto.de;50354;Huerth;Schnelle Asphalt-Reparatur für Einfahrten, Wege und Terrassen — ARM Kaltasphalt, sofort verarbeitbar;Pflasterarbeiten, Terrassen, Wegebau, Rasenbau, Zaunbau;GaLaBau
A;Garcke GmbH;Privat (GaLaBau);;07142 97070;info@garcke.net;74379;Ingersheim;Schnelle Asphalt-Reparatur für Einfahrten, Wege und Terrassen — ARM Kaltasphalt, sofort verarbeitbar;Gartenplanung, Gartengestaltung, Pflasterarbeiten, Gartenpflege;GaLaBau
A;Klemm Ausbauprofis – GaLaBau;Privat (GaLaBau);;03641 474828;info@klemm-ausbauprofis.de;07749;Jena;Schnelle Asphalt-Reparatur für Einfahrten, Wege und Terrassen — ARM Kaltasphalt, sofort verarbeitbar;"GaLaBau, Pflasterbau, Außenanlagen; Meisterbetrieb für Jena, Weimar, Gera";GaLaBau
A;W. Ledig GmbH;Privat (GaLaBau);;0631 / 99936;kontakt@ledig-galabau.de;67661;Kaiserslautern;Schnelle Asphalt-Reparatur für Einfahrten, Wege und Terrassen — ARM Kaltasphalt, sofort verarbeitbar;"Pflasterarbeiten, Außenanlagen, Bewässerung, Zaunbau, Pflege; 45+ Jahre Erfahrung";GaLaBau
A;Oswald Gaerten;Privat (GaLaBau);;0431 318-5320;info@oswald-gaerten.de;24146;Kiel;Schnelle Asphalt-Reparatur für Einfahrten, Wege und Terrassen — ARM Kaltasphalt, sofort verarbeitbar;GaLaBau, Gartengestaltung, Gartenpflege, Pflasterarbeiten (20 J. Erfahrung);GaLaBau
A;Ga-La Bau GmbH;Privat (GaLaBau);;0151 47233525;ga-labaugmbh@mail.de;50997;Koeln;Schnelle Asphalt-Reparatur für Einfahrten, Wege und Terrassen — ARM Kaltasphalt, sofort verarbeitbar;GaLaBau, Pflasterarbeiten, Wegebau, Gartengestaltung, Gruenpflege;GaLaBau
A;HAUN Unternehmensgruppe (GaLaBau + Erdbau + Tiefbau);Privat (GaLaBau);;0871 96556;info@haun-erdbau.de;84034;Landshut (Mühlbachstr. 46);Schnelle Asphalt-Reparatur für Einfahrten, Wege und Terrassen — ARM Kaltasphalt, sofort verarbeitbar;Pflasterarbeiten, Erdbau, Tiefbau, GaLaBau – seit über 25 Jahren;GaLaBau
A;Riegel GaLaBau;Privat (GaLaBau);;06224 / 9022073;info@riegel-galabau.de;69181;Leimen;Schnelle Asphalt-Reparatur für Einfahrten, Wege und Terrassen — ARM Kaltasphalt, sofort verarbeitbar;"Pflasterarbeiten, Wegebau, Mauerbau, Terrassengestaltung; Raum Heidelberg/Mannheim";GaLaBau
A;Kolhöfer GaLaBau GmbH & Co. KG;Privat (GaLaBau);;089 886776;info@kolhoefer.de;81241;München (Schlagweg 12);Schnelle Asphalt-Reparatur für Einfahrten, Wege und Terrassen — ARM Kaltasphalt, sofort verarbeitbar;Natursteinarbeiten, Holzterrassen, Außenanlagen, Schwimm- und Gartenteiche;GaLaBau
A;AF-Bauwerk;Privat (GaLaBau);;0172 4685024;info@af-bauwerk.de;85764;Oberschleißheim (Klosterwiese 6);Schnelle Asphalt-Reparatur für Einfahrten, Wege und Terrassen — ARM Kaltasphalt, sofort verarbeitbar;Pflasterarbeiten, Gartengestaltung, Kabeltiefbau, Poolbau;GaLaBau
A;Schwaben GaLaBau;Privat (GaLaBau);;0176 41067718;Info@schwaben-galabau.de;70197;Stuttgart;Schnelle Asphalt-Reparatur für Einfahrten, Wege und Terrassen — ARM Kaltasphalt, sofort verarbeitbar;Pflasterarbeiten, Treppenbau, Gartengestaltung, Baumfällung;GaLaBau
A;Storjohann GaLaBau;Privat (GaLaBau);;0176 84134838;info@storjohann-galabau.de;25436;Tornesch;Schnelle Asphalt-Reparatur für Einfahrten, Wege und Terrassen — ARM Kaltasphalt, sofort verarbeitbar;GaLaBau, Pflasterarbeiten, Terrassen, Schuettgueter, Zaunbau;GaLaBau
A;Oppermann Bau GmbH;Privat (Straßenbau);;05181 / 8060;info@oppermann-bau.de;31061;Alfeld (Leine);Ergänzung für schnelle Kleinreparaturen zwischen Heißasphalt-Einsätzen - ARM Kaltasphalt;Straßen-/Tiefbau, Asphalt, Kanalbau, Pflasterarbeiten;Tiefbau
A;Vorpommersche Bau GmbH Anklam;Privat (Straßenbau);;03971 / 2510;info@vorpommersche-bau.de;17389;Anklam;Ergänzung für schnelle Kleinreparaturen zwischen Heißasphalt-Einsätzen - ARM Kaltasphalt;Straßen- und Tiefbau, Erdbau, Pflaster;Tiefbau
A;Wilhelm Fischer GmbH Straßen- und Tiefbau;Privat (Straßenbau);;05105 / 5190;info@fischer-bau-barsinghausen.de;30890;Barsinghausen;Ergänzung für schnelle Kleinreparaturen zwischen Heißasphalt-Einsätzen - ARM Kaltasphalt;Straßenbau, Tiefbau, Kanalbau, Asphaltarbeiten;Tiefbau
A;Kemna Bau Andreae GmbH & Co. KG - NL Berlin;Privat (Straßenbau);-;030 / 6008;info@kemna.de;12359;Berlin;Ergänzung für schnelle Kleinreparaturen zwischen Heißasphalt-Einsätzen - ARM Kaltasphalt;Asphaltbau, Straßeninstandsetzung, Deckenbau;Tiefbau
A;MBN Bau AG;Privat (Straßenbau);;030 / 5400;info@mbn-bau.de;12681;Berlin;Ergänzung für schnelle Kleinreparaturen zwischen Heißasphalt-Einsätzen - ARM Kaltasphalt;Straßen- und Tiefbau, Asphaltbau, Sanierung;Tiefbau
A;Jean Bratengeier GmbH - Straßen- und Tiefbau;Privat (Straßenbau);;030 / 7202;info@bratengeier.de;12277;Berlin;Ergänzung für schnelle Kleinreparaturen zwischen Heißasphalt-Einsätzen - ARM Kaltasphalt;Straßen- und Tiefbau, Pflasterarbeiten, Asphalt;Tiefbau
A;Schälerbau Berlin GmbH;Privat (Straßenbau);;030 / 9349;info@schaelerbau.de;12679;Berlin;Ergänzung für schnelle Kleinreparaturen zwischen Heißasphalt-Einsätzen - ARM Kaltasphalt;Straßen- und Tiefbau, Asphaltierung;Tiefbau
A;KommunalBau GmbH Berlin;Privat (Straßenbau);;030 / 4146;info@kommunalbau-berlin.de;13407;Berlin;Ergänzung für schnelle Kleinreparaturen zwischen Heißasphalt-Einsätzen - ARM Kaltasphalt;Straßeninstandsetzung, Pflaster, Tiefbau;Tiefbau
A;GSB Straßenbau GmbH Berlin;Privat (Straßenbau);;030 / 4365;info@gsb-strassenbau.de;13509;Berlin;Ergänzung für schnelle Kleinreparaturen zwischen Heißasphalt-Einsätzen - ARM Kaltasphalt;Straßen- und Wegebau, Asphaltierung, Flickarbeiten;Tiefbau
A;Tiefbau Barnim GmbH Bernau;Privat (Straßenbau);;03338 / 7530;info@tiefbau-barnim.de;16321;Bernau bei Berlin;Ergänzung für schnelle Kleinreparaturen zwischen Heißasphalt-Einsätzen - ARM Kaltasphalt;Tiefbau, Straßenbau, Kanalbau, Erdbau;Tiefbau
A;Straßen- und Tiefbau Jopp GmbH;Privat (Straßenbau);;0234 / 9517;info@jopp-bau.de;44793;Bochum;Ergänzung für schnelle Kleinreparaturen zwischen Heißasphalt-Einsätzen - ARM Kaltasphalt;Straßenbau, Asphalt, Pflaster, Tiefbau;Tiefbau
A;Scherp Bau GmbH;Privat (Straßenbau);;0234 / 4133;info@scherp-bau.de;44879;Bochum;Ergänzung für schnelle Kleinreparaturen zwischen Heißasphalt-Einsätzen - ARM Kaltasphalt;Straßen-/Tiefbau, Kanalbau, Pflaster;Tiefbau
A;Fricke Schüttpelz GmbH & Co. KG;Privat (Straßenbau);;0531 / 8018;info@fricke-schuetzpelz.de;38112;Braunschweig;Ergänzung für schnelle Kleinreparaturen zwischen Heißasphalt-Einsätzen - ARM Kaltasphalt;Straßen-/Tiefbau, Asphalt, Kanalbau, Pflasterarbeiten;Tiefbau
A;Arge Asphalt Ruhr GmbH;Privat (Straßenbau);;0231 / 9254;info@arge-asphalt.de;44309;Dortmund;Ergänzung für schnelle Kleinreparaturen zwischen Heißasphalt-Einsätzen - ARM Kaltasphalt;Asphaltmischwerke, Walzasphalt, Splittmastix;Tiefbau
A;Friedrich Freund Straßenbau GmbH;Privat (Straßenbau);;0231 / 7517;info@freund-strassenbau.de;44227;Dortmund;Ergänzung für schnelle Kleinreparaturen zwischen Heißasphalt-Einsätzen - ARM Kaltasphalt;Straßen-/Asphaltbau, Sanierung, Pflaster;Tiefbau
A;Schleith GmbH - NL NRW;Privat (Straßenbau);;0231 / 7289;info@schleith.de;44135;Dortmund;Ergänzung für schnelle Kleinreparaturen zwischen Heißasphalt-Einsätzen - ARM Kaltasphalt;Straßen-/Tiefbau, Leitungsbau, Kanalbau;Tiefbau
A;Albert Weil AG - NL Duisburg;Privat (Straßenbau);;0203 / 5136;info@albertweil.de;47051;Duisburg;Ergänzung für schnelle Kleinreparaturen zwischen Heißasphalt-Einsätzen - ARM Kaltasphalt;Straßen-/Asphaltbau, Gussasphalt, Sanierung;Tiefbau
A;Schüssler Straßen- und Tiefbau GmbH;Privat (Straßenbau);;0211 / 3846;info@schuessler-bau.de;40233;Düsseldorf;Ergänzung für schnelle Kleinreparaturen zwischen Heißasphalt-Einsätzen - ARM Kaltasphalt;Straßen-/Tiefbau, Asphalt, Kanalbau;Tiefbau
A;Kiel Straßen- und Tiefbau GmbH;Privat (Straßenbau);;0211 / 756890;info@kiel-bau.de;40591;Düsseldorf;Ergänzung für schnelle Kleinreparaturen zwischen Heißasphalt-Einsätzen - ARM Kaltasphalt;Straßenbau, Asphalt, Pflaster, Erschließung;Tiefbau
A;Nordpflaster GmbH Eberswalde;Privat (Straßenbau);;03334 / 3820;info@nordpflaster.de;16225;Eberswalde;Ergänzung für schnelle Kleinreparaturen zwischen Heißasphalt-Einsätzen - ARM Kaltasphalt;Pflasterbau, Straßeninstandsetzung, Tiefbau;Tiefbau
A;Spieker Straßen- und Tiefbau GmbH;Privat (Straßenbau);;0201 / 5560;info@spieker-bau.de;45307;Essen;Ergänzung für schnelle Kleinreparaturen zwischen Heißasphalt-Einsätzen - ARM Kaltasphalt;Straßen-/Asphaltbau, Pflaster, Instandsetzung;Tiefbau
A;Oderland Straßenbau GmbH;Privat (Straßenbau);;03361 / 7410;info@oderland-strassenbau.de;15517;Fürstenwalde/Spree;Ergänzung für schnelle Kleinreparaturen zwischen Heißasphalt-Einsätzen - ARM Kaltasphalt;Straßen- und Tiefbau, Asphaltbau;Tiefbau
A;Heckmann Bau GmbH;Privat (Straßenbau);;0209 / 95720;info@heckmann-bau.de;45891;Gelsenkirchen;Ergänzung für schnelle Kleinreparaturen zwischen Heißasphalt-Einsätzen - ARM Kaltasphalt;Straßen-/Tiefbau, Asphalt, Kanalbau;Tiefbau
A;Gehrke Straßen- und Tiefbau GmbH;Privat (Straßenbau);;05371 / 9405;info@gehrke-bau.de;38518;Gifhorn;Ergänzung für schnelle Kleinreparaturen zwischen Heißasphalt-Einsätzen - ARM Kaltasphalt;Straßen-/Tiefbau, Kanalbau, Asphalt, Pflaster;Tiefbau
A;Pommersche Tiefbau GmbH Greifswald;Privat (Straßenbau);;03834 / 5515;info@pommersche-tiefbau.de;17489;Greifswald;Ergänzung für schnelle Kleinreparaturen zwischen Heißasphalt-Einsätzen - ARM Kaltasphalt;Straßen- und Tiefbau, Leitungsbau, Pflaster;Tiefbau
A;Otto Alte-Teigeler GmbH;Privat (Straßenbau);;0551 / 5050;info@alte-teigeler.de;37079;Göttingen;Ergänzung für schnelle Kleinreparaturen zwischen Heißasphalt-Einsätzen - ARM Kaltasphalt;Straßen-/Tiefbau, Asphalt, Kanalbau, Pflaster;Tiefbau
A;Rinne Straßen- und Tiefbau GmbH;Privat (Straßenbau);;05151 / 9410;info@rinne-bau.de;31785;Hameln;Ergänzung für schnelle Kleinreparaturen zwischen Heißasphalt-Einsätzen - ARM Kaltasphalt;"Straßenbau, Asphalt, Pflaster, Tiefbau; Region Weserbergland";Tiefbau
A;Rohde Verkehrsbau GmbH – Hannover;Privat (Straßenbau);-;0511 / 6747-200;info@rohde-verkehrsbau.de;30179;Hannover;Ergänzung für schnelle Kleinreparaturen zwischen Heißasphalt-Einsätzen - ARM Kaltasphalt;"Verkehrswegebau, Asphalt, Markierung, Autobahnbau; Tochter von GP Papenburg";Tiefbau
A;Raulf Straßen- und Tiefbau GmbH;Privat (Straßenbau);;0511 / 6040;info@raulf-bau.de;30179;Hannover;Ergänzung für schnelle Kleinreparaturen zwischen Heißasphalt-Einsätzen - ARM Kaltasphalt;Straßenbau, Asphalt, Tiefbau, Pflasterarbeiten;Tiefbau
A;Hungerland GmbH;Privat (Straßenbau);;0511 / 9839;info@hungerland.de;30179;Hannover;Ergänzung für schnelle Kleinreparaturen zwischen Heißasphalt-Einsätzen - ARM Kaltasphalt;Straßenbau, Tiefbau, Kanalbau, Pflaster;Tiefbau
A;Hermanns Straßen- und Tiefbau GmbH;Privat (Straßenbau);;05351 / 5390;info@hermanns-bau.de;38350;Helmstedt;Ergänzung für schnelle Kleinreparaturen zwischen Heißasphalt-Einsätzen - ARM Kaltasphalt;Straßenbau, Tiefbau, Asphalt, Pflasterarbeiten;Tiefbau
A;Heinrich Rädel GmbH Hennigsdorf;Privat (Straßenbau);;03302 / 2049;info@raedel-bau.de;16761;Hennigsdorf;Ergänzung für schnelle Kleinreparaturen zwischen Heißasphalt-Einsätzen - ARM Kaltasphalt;Straßen- und Tiefbau, Erdbau, Pflaster;Tiefbau
A;Kutter GmbH & Co. KG – NL Hildesheim;Privat (Straßenbau);;05121 / 2087;info@kutter.de;31137;Hildesheim;Ergänzung für schnelle Kleinreparaturen zwischen Heißasphalt-Einsätzen - ARM Kaltasphalt;Straßen-/Tiefbau, Asphalt, Kanalbau;Tiefbau
A;Steinbrecher Bau GmbH;Privat (Straßenbau);;05531 / 9508;info@steinbrecher-bau.de;37603;Holzminden;Ergänzung für schnelle Kleinreparaturen zwischen Heißasphalt-Einsätzen - ARM Kaltasphalt;"Straßen-/Tiefbau, Asphalt, Pflaster; Region Weserbergland";Tiefbau
A;Konrad Bau GmbH & Co. KG;Privat (Straßenbau);;0561 / 5700;info@konrad-bau.de;34123;Kassel;Ergänzung für schnelle Kleinreparaturen zwischen Heißasphalt-Einsätzen - ARM Kaltasphalt;Straßen-/Tiefbau, Asphalt, Erdbau, Kanalbau;Tiefbau
A;Heinrich Meier Tief- und Straßenbau GmbH;Privat (Straßenbau);;02152 / 9197;info@meier-tiefbau.de;47906;Kempen;Ergänzung für schnelle Kleinreparaturen zwischen Heißasphalt-Einsätzen - ARM Kaltasphalt;"Straßenbau, Tiefbau, Pflaster; Niederrhein";Tiefbau
A;Helfrich Bau GmbH;Privat (Straßenbau);;0511 / 7266;info@helfrich-bau.de;30855;Langenhagen;Ergänzung für schnelle Kleinreparaturen zwischen Heißasphalt-Einsätzen - ARM Kaltasphalt;Straßen-/Tiefbau, Asphalt, Pflaster, Kanalbau;Tiefbau
A;Schütte Bau GmbH;Privat (Straßenbau);;0511 / 7255;info@schuette-bau.de;30855;Langenhagen;Ergänzung für schnelle Kleinreparaturen zwischen Heißasphalt-Einsätzen - ARM Kaltasphalt;Straßenbau, Asphalt, Tiefbau, Erschließung;Tiefbau
A;STB Tief- und Straßenbau GmbH Ludwigsfelde;Privat (Straßenbau);;03378 / 5121;info@stb-ludwigsfelde.de;14974;Ludwigsfelde;Ergänzung für schnelle Kleinreparaturen zwischen Heißasphalt-Einsätzen - ARM Kaltasphalt;Straßen- und Tiefbau, Kanalbau, Erdbau;Tiefbau
A;MBU Magdeburger Bau-Union GmbH;Privat (Straßenbau);;0391 / 6310;info@mbu-magdeburg.de;39116;Magdeburg;Ergänzung für schnelle Kleinreparaturen zwischen Heißasphalt-Einsätzen - ARM Kaltasphalt;Straßen-/Tiefbau, Kanalbau, Asphalt;Tiefbau
A;Heinrich Niemeier GmbH;Privat (Straßenbau);;05973 / 9404;info@niemeier-bau.de;48485;Neuenkirchen;Ergänzung für schnelle Kleinreparaturen zwischen Heißasphalt-Einsätzen - ARM Kaltasphalt;Straßen-/Tiefbau, Asphaltarbeiten, Erdbau;Tiefbau
A;Dreibrück GmbH & Co. KG;Privat (Straßenbau);;038757 / 536;info@dreibrueck.de;19306;Neustadt-Glewe;Ergänzung für schnelle Kleinreparaturen zwischen Heißasphalt-Einsätzen - ARM Kaltasphalt;Straßen- und Tiefbau, Asphaltbau;Tiefbau
A;Wesemann GmbH Straßen- und Tiefbau;Privat (Straßenbau);;05021 / 9230;info@wesemann-bau.de;31582;Nienburg/Weser;Ergänzung für schnelle Kleinreparaturen zwischen Heißasphalt-Einsätzen - ARM Kaltasphalt;Straßenbau, Asphalt, Pflaster, Kanalbau;Tiefbau
A;Schäfer Straßenbau GmbH;Privat (Straßenbau);;05551 / 9716;info@schaefer-strassenbau.de;37154;Northeim;Ergänzung für schnelle Kleinreparaturen zwischen Heißasphalt-Einsätzen - ARM Kaltasphalt;Straßenbau, Asphalt, Pflaster, Deckensanierung;Tiefbau
A;Hermann Hubert GmbH;Privat (Straßenbau);;0911 / 9419090;info@hubert-bau.de;;Nürnberg;Ergänzung für schnelle Kleinreparaturen zwischen Heißasphalt-Einsätzen - ARM Kaltasphalt;"Tiefbau, Straßenunterhalt unter Verkehr; zugelassen für Aufgrabungen Nürnberg";Tiefbau
A;Thelen Gruppe - NL Oberhausen;Privat (Straßenbau);;0208 / 3055;info@thelen.de;46045;Oberhausen;Ergänzung für schnelle Kleinreparaturen zwischen Heißasphalt-Einsätzen - ARM Kaltasphalt;"Straßen-/Tiefbau, Kanalbau, Asphalt; seit 1921";Tiefbau
A;Joseph Middendorf GmbH & Co. KG;Privat (Straßenbau);;02361 / 3039;info@middendorf-bau.de;45665;Recklinghausen;Ergänzung für schnelle Kleinreparaturen zwischen Heißasphalt-Einsätzen - ARM Kaltasphalt;Straßen-/Tiefbau, Kanalbau, Asphalt;Tiefbau
A;Rostocker Straßenbau GmbH;Privat (Straßenbau);;0381 / 8007;info@rostocker-strassenbau.de;18069;Rostock;Ergänzung für schnelle Kleinreparaturen zwischen Heißasphalt-Einsätzen - ARM Kaltasphalt;Straßenbau, Asphalt, Deckschichterneuerung, Pflaster;Tiefbau
A;Uckermark Straßenbau GmbH;Privat (Straßenbau);;03332 / 5860;info@uckermark-strassenbau.de;16303;Schwedt/Oder;Ergänzung für schnelle Kleinreparaturen zwischen Heißasphalt-Einsätzen - ARM Kaltasphalt;Straßen- und Tiefbau, Asphalt, Pflaster;Tiefbau
A;F & S Straßen- und Tiefbau GmbH Schwerin;Privat (Straßenbau);;0385 / 4863;info@fs-strassenbau.de;19057;Schwerin;Ergänzung für schnelle Kleinreparaturen zwischen Heißasphalt-Einsätzen - ARM Kaltasphalt;Straßen- und Tiefbau, Kanalbau, Asphalt;Tiefbau
A;Schönebecker Straßenbau GmbH;Privat (Straßenbau);;03928 / 7016;info@schoenebecker-strassenbau.de;39218;Schönebeck (Elbe);Ergänzung für schnelle Kleinreparaturen zwischen Heißasphalt-Einsätzen - ARM Kaltasphalt;Straßenbau, Asphalt, Tiefbau, Pflasterarbeiten;Tiefbau
A;Bruns Straßenbau GmbH;Privat (Straßenbau);;05721 / 9780;info@bruns-strassenbau.de;31655;Stadthagen;Ergänzung für schnelle Kleinreparaturen zwischen Heißasphalt-Einsätzen - ARM Kaltasphalt;"Straßen-/Tiefbau, Asphalt, Kanalbau; Region Schaumburg";Tiefbau
A;Tecklenborg GmbH & Co. KG;Privat (Straßenbau);;02551 / 9308;info@tecklenborg-bau.de;48565;Steinfurt;Ergänzung für schnelle Kleinreparaturen zwischen Heißasphalt-Einsätzen - ARM Kaltasphalt;Straßen-/Tiefbau, Pflaster, Kanalbau;Tiefbau
A;Stendaler Straßen- und Tiefbau GmbH;Privat (Straßenbau);;03931 / 2155;info@stendaler-stb.de;39576;Stendal;Ergänzung für schnelle Kleinreparaturen zwischen Heißasphalt-Einsätzen - ARM Kaltasphalt;"Straßenbau, Tiefbau, Asphalt, Kanalbau; Region Altmark";Tiefbau
A;Märkische Straßenbau GmbH Strausberg;Privat (Straßenbau);;03341 / 3107;info@maerkische-strassenbau.de;15344;Strausberg;Ergänzung für schnelle Kleinreparaturen zwischen Heißasphalt-Einsätzen - ARM Kaltasphalt;Straßen- und Tiefbau, Asphalt, Pflaster;Tiefbau
A;August Kuhlmann GmbH & Co. KG;Privat (Straßenbau);;02504 / 9308;info@kuhlmann-bau.de;48291;Telgte;Ergänzung für schnelle Kleinreparaturen zwischen Heißasphalt-Einsätzen - ARM Kaltasphalt;"Straßen-/Tiefbau, Asphalt, Pflaster; seit 1946";Tiefbau
A;Rädel & Heidemann Straßen- und Tiefbau GmbH;Privat (Straßenbau);;03328 / 3517;info@raedel-heidemann.de;14513;Teltow;Ergänzung für schnelle Kleinreparaturen zwischen Heißasphalt-Einsätzen - ARM Kaltasphalt;Straßenbau, Tiefbau, Asphalt, Pflaster;Tiefbau
A;Drees & Hüsmann Straßenbau GmbH;Privat (Straßenbau);;02303 / 2580;info@drees-huesmann.de;59423;Unna;Ergänzung für schnelle Kleinreparaturen zwischen Heißasphalt-Einsätzen - ARM Kaltasphalt;Straßen-/Asphaltbau, Sanierung, Pflaster;Tiefbau
A;Nöhre Bau GmbH;Privat (Straßenbau);;0561 / 8208;info@noehre-bau.de;34246;Vellmar;Ergänzung für schnelle Kleinreparaturen zwischen Heißasphalt-Einsätzen - ARM Kaltasphalt;"Straßen-/Tiefbau, Asphalt, Kanalbau, Pflaster; Region Nordhessen";Tiefbau
A;Mecklenburgische Straßenbau GmbH Waren;Privat (Straßenbau);;03991 / 1725;info@meckl-strassenbau.de;17192;Waren (Müritz);Ergänzung für schnelle Kleinreparaturen zwischen Heißasphalt-Einsätzen - ARM Kaltasphalt;Straßen- und Tiefbau, Asphalt, Wegebau;Tiefbau
A;Stratmann GmbH & Co. KG;Privat (Straßenbau);;02581 / 6358;info@stratmann-bau.de;48231;Warendorf;Ergänzung für schnelle Kleinreparaturen zwischen Heißasphalt-Einsätzen - ARM Kaltasphalt;Straßen-/Tiefbau, Asphalt, Kanalbau;Tiefbau
A;Harz-Asphaltmischwerk GmbH;Privat (Straßenbau);;03943 / 2530;info@harz-asphalt.de;38855;Wernigerode;Ergänzung für schnelle Kleinreparaturen zwischen Heißasphalt-Einsätzen - ARM Kaltasphalt;Asphaltproduktion, Straßenbau, Deckensanierung;Tiefbau
A;Ritter Bau GmbH;Privat (Straßenbau);;05331 / 9050;info@ritter-bau.de;38300;Wolfenbüttel;Ergänzung für schnelle Kleinreparaturen zwischen Heißasphalt-Einsätzen - ARM Kaltasphalt;Straßenbau, Asphalt, Tiefbau, Pflasterarbeiten;Tiefbau
A;Lehne Bau GmbH;Privat (Straßenbau);;05361 / 2911;info@lehne-bau.de;38440;Wolfsburg;Ergänzung für schnelle Kleinreparaturen zwischen Heißasphalt-Einsätzen - ARM Kaltasphalt;Straßen-/Tiefbau, Asphalt, Kanalbau, Erdbau;Tiefbau
A;August Brötje GmbH – Tief- und Straßenbau;Privat (Straßenbau);;05031 / 9410;info@broetje-bau.de;31515;Wunstorf;Ergänzung für schnelle Kleinreparaturen zwischen Heißasphalt-Einsätzen - ARM Kaltasphalt;Straßen-/Tiefbau, Asphalt, Pflaster, Kanalbau;Tiefbau
A;Nettelbeck Bau GmbH;Privat (Straßenbau);;02058 / 7828;info@nettelbeck-bau.de;42489;Wülfrath;Ergänzung für schnelle Kleinreparaturen zwischen Heißasphalt-Einsätzen - ARM Kaltasphalt;Straßen-/Tiefbau, Pflaster, Kanalbau;Tiefbau
